{
  "title": "Top Interior Design Trends for 2023",
  "author": "Jane Smith",
  "date": "2023-07-15T00:00:00Z",
  "excerpt": "Discover the hottest interior design trends that are shaping homes in 2023. From sustainable materials to bold color statements, learn how to incorporate these styles into your own space.",
  "content": "As we move through 2023, interior design continues to evolve with exciting new trends that blend comfort, sustainability, and personal expression. This year's trends reflect our desire for spaces that are both functional and beautiful, with an emphasis on creating environments that support wellness and connection.\n\nOne of the standout trends this year is the use of natural materials and textures. From warm wood tones to stone accents, homeowners are embracing elements that bring the outdoors in. These materials not only add visual interest but also create a sense of calm and grounding in our living spaces.\n\nColor is also playing a significant role in 2023 interiors. While neutral palettes remain popular for their timeless appeal, we're seeing a surge in bold accent walls and statement pieces in rich jewel tones like emerald green, deep blues, and vibrant corals. These pops of color add personality and energy to rooms without overwhelming the senses.\n\nSustainability continues to be a driving force in design choices. More homeowners are opting for vintage and repurposed furniture, reducing waste while adding unique character to their spaces. Additionally, indoor plants and living walls are becoming essential design elements, improving air quality while connecting us to nature.",
  "image": "images/blog/latest-b-v1-1.jpg",
  "tags": ["trends", "interior design", "2023", "sustainability"]
}