{
  "title": "Concept Designs",
  "description": "Our concept designs service provides innovative and creative solutions tailored to your specific needs and preferences. We focus on creating unique spaces that reflect your personality and lifestyle.",
  "image": "images/services/service-1.jpg",
  "features": [
    "Custom design solutions",
    "3D visualization",
    "Material selection guidance",
    "Budget planning"
  ],
  "benefits": [
    "Personalized space planning",
    "Enhanced functionality",
    "Increased property value",
    "Stress-free design process"
  ]
}